"artnr_DOF","artnavn_DOF","species_IOC","order_IOC","family_IOC","genus_IOC","ssp_IOC","latin_DOF","english_DOF","english_nospace_DOF","Habitat_AVONET","Habitat.Density_AVONET","Migration_AVONET","Trophic.Level_AVONET","Trophic.Niche_AVONET","Primary.Lifestyle_AVONET","name_latin_gotelli","foraging_guild_gotelli_gotelli","foraging_guild_davison_davison","foraging_guild_rahbek","foraging_guild_consensus","occ_a1_DOF","occ_a2_DOF","occ_a3_DOF","trend_DOF","trend_a1a2_DOF","tend_a2a3_DOF","trend_a1a2a3_DOF","Carsten Comment","not_breeding","introduced","rare","domestic"
70,"Lille Lappedykker","Tachybaptus ruficollis","Podicipediformes","Podicipedidae","Tachybaptus",NA,"Tachybaptus ruficollis","Little Grebe","LittleGrebe","Wetland",3,1,"Carnivore","Aquatic predator","Aquatic","Tachybaptus ruficollis","Aquatic pursuers","Aquatic pursuers",NA,"Aquatic pursuers",15.56581986,30.85450346,37.36720554,"+","+","+","++",NA,NA,NA,NA,NA
90,"Toppet Lappedykker","Podiceps cristatus","Podicipediformes","Podicipedidae","Podiceps",NA,"Podiceps cristatus","Great Crested Grebe","GreatCrestedGrebe","Wetland",3,1,"Carnivore","Aquatic predator","Aquatic","Podiceps cristatus","Aquatic pursuers","Aquatic pursuers",NA,"Aquatic pursuers",20.23094688,26.18937644,22.58660508,"+","+","-","+-",NA,NA,NA,NA,NA
100,"GrÂstrubet Lappedykker","Podiceps grisegena","Podicipediformes","Podicipedidae","Podiceps",NA,"Podiceps grisegena","Red-necked Grebe","RedneckedGrebe","Wetland",3,3,"Carnivore","Aquatic predator","Aquatic","Podiceps griseigena","Aquatic pursuers","Aquatic pursuers",NA,"Aquatic pursuers",12.9330254,24.57274827,30.20785219,"+","+","+","++",NA,NA,NA,NA,NA
110,"Nordisk Lappedykker","Podiceps auritus","Podicipediformes","Podicipedidae","Podiceps",NA,"Podiceps auritus","Horned Grebe","HornedGrebe","Wetland",3,3,"Carnivore","Aquatic predator","Aquatic","Podiceps auritus","Aquatic pursuers",NA,NA,"Aquatic pursuers",0,0.092378753,0.046189376,"+","+","-","+-",NA,NA,NA,NA,NA
120,"Sorthalset Lappedykker","Podiceps nigricollis","Podicipediformes","Podicipedidae","Podiceps",NA,"Podiceps nigricollis","Black-necked Grebe","BlackneckedGrebe","Wetland",3,3,"Carnivore","Aquatic predator","Aquatic",NA,NA,"Aquatic pursuers",NA,"Aquatic pursuers",1.43187067,2.494226328,2.217090069,"+","+","-","+-",NA,NA,NA,NA,NA
720,"Skarv","Phalacrocorax carbo","Suliformes","Phalacrocoracidae","Phalacrocorax",NA,"Phalacrocorax carbo","Great Cormorant","GreatCormorant","Wetland",3,2,"Carnivore","Aquatic predator","Aquatic","Phalacrocorax carbo","Aquatic pursuers","Aquatic pursuers",NA,"Aquatic pursuers",0.184757506,2.401847575,4.896073903,"+","+","+","++",NA,NA,NA,NA,NA
950,"R¯rdrum","Botaurus stellaris","Pelecaniformes","Ardeidae","Botaurus",NA,"Botaurus stellaris","Eurasian Bittern","EurasianBittern","Wetland",1,2,"Carnivore","Aquatic predator","Terrestrial","Botaurus stellaris","Wading birds","Wading birds",NA,"Wading birds",1.570438799,3.187066975,9.468822171,"+","+","+","++",NA,NA,NA,NA,NA
1220,"Fiskehejre","Ardea cinerea","Pelecaniformes","Ardeidae","Ardea",NA,"Ardea cinerea","Grey Heron","GreyHeron","Wetland",3,1,"Carnivore","Aquatic predator","Terrestrial",NA,NA,"Wading birds",NA,"Wading birds",4.988452656,10.80831409,13.34872979,"+","+","+","++",NA,NA,NA,NA,NA
1340,"Hvid Stork","Ciconia ciconia","Ciconiiformes","Ciconiidae","Ciconia",NA,"Ciconia ciconia","White Stork","WhiteStork","Grassland",3,3,"Carnivore","Omnivore","Terrestrial","Ciconia ciconia","Wading birds","Wading birds",NA,"Wading birds",2.909930716,0.369515012,0.138568129,"-","-","-","--",NA,NA,NA,NA,NA
1440,"Skestork","Platalea leucorodia","Pelecaniformes","Threskiornithidae","Platalea",NA,"Platalea leucorodia","Eurasian Spoonbill","EurasianSpoonbill","Wetland",3,2,"Carnivore","Aquatic predator","Terrestrial","Platalea leucorodia","Wading birds","Wading birds",NA,"Wading birds",0,0.092378753,0.64665127,"+","+","+","++",NA,NA,NA,NA,NA
1520,"Knopsvane","Cygnus olor","Anseriformes","Anatidae","Cygnus",NA,"Cygnus olor","Mute Swan","MuteSwan","Wetland",3,3,"Herbivore","Herbivore aquatic","Aquatic","Cygnus olor","Grazing waterfowl","Grazing waterfowl",NA,"Grazing waterfowl",41.93995381,46.14318707,53.76443418,"+","+","+","++",NA,NA,NA,NA,NA
1540,"Sangsvane","Cygnus cygnus","Anseriformes","Anatidae","Cygnus",NA,"Cygnus cygnus","Whooper Swan","WhooperSwan","Wetland",3,3,"Herbivore","Herbivore aquatic","Aquatic",NA,NA,NA,"Grazing waterfowl","Grazing waterfowl",0,0.092378753,0.508083141,"+","+","+","++",NA,NA,NA,NA,NA
1610,"GrÂgÂs","Anser anser","Anseriformes","Anatidae","Anser",NA,"Anser anser","Greylag Goose","GreylagGoose","Wetland",3,3,"Herbivore","Herbivore terrestrial","Terrestrial",NA,NA,"Grazing waterfowl",NA,"Grazing waterfowl",10.53117783,21.89376443,51.22401848,"+","+","+","++",NA,NA,NA,NA,NA
1670,"BramgÂs","Branta leucopsis","Anseriformes","Anatidae","Branta",NA,"Branta leucopsis","Barnacle Goose","BarnacleGoose","Grassland",3,3,"Herbivore","Herbivore terrestrial","Terrestrial","Branta leucopsis","Grazing waterfowl","Grazing waterfowl",NA,"Grazing waterfowl",0,0.323325635,0.923787529,"+","+","+","++",NA,NA,NA,NA,NA
1730,"Gravand","Tadorna tadorna","Anseriformes","Anatidae","Tadorna",NA,"Tadorna tadorna","Common Shelduck","CommonShelduck","Coastal",3,2,"Carnivore","Aquatic predator","Generalist","Tadorna tadorna","Dabbling ducks","Dabbling ducks",NA,"Dabbling ducks",44.20323326,56.44341801,40.04618938,"-","+","-","+-",NA,NA,NA,NA,NA
1790,"Pibeand","Mareca penelope","Anseriformes","Anatidae","Mareca",NA,"Mareca penelope","Eurasian Wigeon","EurasianWigeon","Wetland",3,3,"Herbivore","Omnivore","Terrestrial","Anas penelope","Grazing waterfowl","Grazing waterfowl",NA,"Grazing waterfowl",0.138568129,0.415704388,0.046189376,"-","+","-","+-",NA,NA,NA,NA,NA
1820,"Knarand","Mareca strepera","Anseriformes","Anatidae","Mareca",NA,"Mareca strepera","Gadwall","Gadwall","Wetland",3,2,"Herbivore","Herbivore aquatic","Aquatic","Anas strepera","Dabbling ducks","Dabbling ducks",NA,"Dabbling ducks",0.7852194,4.387990762,8.452655889,"+","+","+","++",NA,NA,NA,NA,NA
1840,"Krikand","Anas crecca","Anseriformes","Anatidae","Anas",NA,"Anas crecca","Eurasian Teal","EurasianTeal","Wetland",3,2,"Herbivore","Herbivore aquatic","Aquatic",NA,NA,"Dabbling ducks",NA,"Dabbling ducks",9.930715935,8.822170901,2.817551963,"-","-","-","--",NA,NA,NA,NA,NA
1860,"GrÂand","Anas platyrhynchos","Anseriformes","Anatidae","Anas",NA,"Anas platyrhynchos","Mallard","Mallard","Wetland",3,2,"Herbivore","Herbivore aquatic","Aquatic","Anas platyrhynchos","Dabbling ducks","Dabbling ducks",NA,"Dabbling ducks",65.63510393,86.18937644,75.15011547,"+","+","-","+-",NA,NA,NA,NA,NA
1890,"Spidsand","Anas acuta","Anseriformes","Anatidae","Anas",NA,"Anas acuta","Northern Pintail","NorthernPintail","Wetland",3,3,"Herbivore","Herbivore aquatic","Aquatic","Anas acuta","Dabbling ducks","Dabbling ducks",NA,"Dabbling ducks",3.695150115,2.678983834,0.969976905,"-","-","-","--",NA,NA,NA,NA,NA
1910,"Atlingand","Spatula querquedula","Anseriformes","Anatidae","Spatula",NA,"Spatula querquedula","Garganey","Garganey","Wetland",3,3,"Omnivore","Herbivore aquatic","Aquatic","Anas querquedula","Dabbling ducks","Dabbling ducks",NA,"Dabbling ducks",5.265588915,5.034642032,4.064665127,"-","-","-","--",NA,NA,NA,NA,NA
1940,"Skeand","Spatula clypeata","Anseriformes","Anatidae","Spatula",NA,"Spatula clypeata","Northern Shoveler","NorthernShoveler","Wetland",3,3,"Omnivore","Aquatic predator","Aquatic","Anas clypeata","Dabbling ducks","Dabbling ducks",NA,"Dabbling ducks",8.822170901,11.59353349,8.591224018,"-","+","-","+-",NA,NA,NA,NA,NA
1980,"Taffeland","Aythya ferina","Anseriformes","Anatidae","Aythya",NA,"Aythya ferina","Common Pochard","CommonPochard","Wetland",3,1,"Herbivore","Herbivore aquatic","Aquatic","Aythya ferina","Diving ducks","Diving ducks",NA,"Diving ducks",6.651270208,10.48498845,7.251732102,"+","+","-","+-",NA,NA,NA,NA,NA
2030,"Troldand","Aythya fuligula","Anseriformes","Anatidae","Aythya",NA,"Aythya fuligula","Tufted Duck","TuftedDuck","Wetland",3,2,"Omnivore","Herbivore aquatic","Aquatic","Aythya fuligula","Diving ducks","Diving ducks",NA,"Diving ducks",5.773672055,17.13625866,15.2886836,"+","+","-","+-",NA,NA,NA,NA,NA
2060,"Ederfugl","Somateria mollissima","Anseriformes","Anatidae","Somateria",NA,"Somateria mollissima","Common Eider","CommonEider","Marine",3,2,"Carnivore","Aquatic predator","Aquatic","Somateria mollissima","Diving ducks","Diving ducks",NA,"Diving ducks",5.404157044,8.591224018,7.205542725,"+","+","-","+-",NA,NA,NA,NA,NA
2180,"Hvinand","Bucephala clangula","Anseriformes","Anatidae","Bucephala",NA,"Bucephala clangula","Common Goldeneye","CommonGoldeneye","Wetland",3,3,"Carnivore","Aquatic predator","Aquatic","Bucephala clangula","Diving ducks","Diving ducks",NA,"Diving ducks",0.046189376,0.923787529,2.263279446,"+","+","+","++",NA,NA,NA,NA,NA
2210,"Toppet Skallesluger","Mergus serrator","Anseriformes","Anatidae","Mergus",NA,"Mergus serrator","Red-breasted Merganser","RedbreastedMerganser","Wetland",3,3,"Carnivore","Aquatic predator","Aquatic","Mergus serrator","Aquatic pursuers","Aquatic pursuers",NA,"Aquatic pursuers",16.44341801,16.58198614,9.976905312,"-","+","-","+-",NA,NA,NA,NA,NA
2230,"Stor Skallesluger","Mergus merganser","Anseriformes","Anatidae","Mergus",NA,"Mergus merganser","Common Merganser","CommonMerganser","Riverine",3,3,"Carnivore","Aquatic predator","Aquatic","Mergus merganser","Aquatic pursuers","Aquatic pursuers",NA,"Aquatic pursuers",0.831408776,1.709006928,3.695150115,"+","+","+","++",NA,NA,NA,NA,NA
2310,"HvepsevÂge","Pernis apivorus","Accipitriformes","Accipitridae","Pernis",NA,"Pernis apivorus","European Honey Buzzard","EuropeanHoneyBuzzard","Forest",1,3,"Carnivore","Invertivore","Insessorial",NA,NA,"Diurnal raptors",NA,"Diurnal raptors",8.17551963,12.65588915,14.45727483,"+","+","+","++",NA,NA,NA,NA,NA
2390,"R¯d Glente","Milvus milvus","Accipitriformes","Accipitridae","Milvus",NA,"Milvus milvus","Red Kite","RedKite","Shrubland",2,2,"Omnivore","Omnivore","Generalist","Milvus milvus","Diurnal raptors","Diurnal raptors",NA,"Diurnal raptors",0.138568129,1.939953811,12.65588915,"+","+","+","++",NA,NA,NA,NA,NA
2430,"Hav¯rn","Haliaeetus albicilla","Accipitriformes","Accipitridae","Haliaeetus",NA,"Haliaeetus albicilla","White-tailed Eagle","WhitetailedEagle","Rock",3,2,"Carnivore","Aquatic predator","Aerial","Haliaeetus albicilla","Diurnal raptors","Diurnal raptors",NA,"Diurnal raptors",0,0.138568129,5.127020785,"+","+","+","++",NA,NA,NA,NA,NA
2600,"R¯rh¯g","Circus aeruginosus","Accipitriformes","Accipitridae","Circus",NA,"Circus aeruginosus","Western Marsh Harrier","WesternMarshHarrier","Wetland",3,2,"Carnivore","Vertivore","Aerial",NA,NA,"Diurnal raptors",NA,"Diurnal raptors",4.387990762,19.2147806,31.45496536,"+","+","+","++",NA,NA,NA,NA,NA
2610,"BlÂ KÊrh¯g","Circus cyaneus","Accipitriformes","Accipitridae","Circus",NA,"Circus cyaneus","Hen Harrier","HenHarrier","Grassland",3,3,"Carnivore","Vertivore","Aerial",NA,NA,"Diurnal raptors",NA,"Diurnal raptors",0,0.323325635,0,"=","+","-","+-",NA,NA,NA,NA,NA
2630,"Hedeh¯g","Circus pygargus","Accipitriformes","Accipitridae","Circus",NA,"Circus pygargus","Montagu's Harrier","Montagu'sHarrier","Grassland",3,3,"Carnivore","Vertivore","Aerial","Circus pygargus","Diurnal raptors","Diurnal raptors",NA,"Diurnal raptors",1.524249423,1.570438799,1.570438799,"+","+","=","+=",NA,NA,NA,NA,NA
2670,"Dueh¯g","Astur gentilis","Accipitriformes","Accipitridae","Astur",NA,"Astur gentilis","Northern Goshawk","NorthernGoshawk","Forest",1,2,"Carnivore","Vertivore","Generalist","Accipiter gentilis","Diurnal raptors","Diurnal raptors",NA,"Diurnal raptors",9.561200924,28.36027714,20.23094688,"+","+","-","+-",NA,NA,NA,NA,NA
2690,"Spurveh¯g","Accipiter nisus","Accipitriformes","Accipitridae","Accipiter",NA,"Accipiter nisus","Eurasian Sparrowhawk","EurasianSparrowhawk","Forest",1,2,"Carnivore","Vertivore","Insessorial","Accipiter nisus","Diurnal raptors","Diurnal raptors",NA,"Diurnal raptors",29.00692841,54.87297921,34.68822171,"+","+","-","+-",NA,NA,NA,NA,NA
2870,"MusvÂge","Buteo buteo","Accipitriformes","Accipitridae","Buteo",NA,"Buteo buteo","Common Buzzard","CommonBuzzard","Grassland",3,2,"Carnivore","Vertivore","Insessorial","Buteo buteo","Diurnal raptors","Diurnal raptors",NA,"Diurnal raptors",40.73903002,71.1778291,75.15011547,"+","+","+","++",NA,NA,NA,NA,NA
2960,"Konge¯rn","Aquila chrysaetos","Accipitriformes","Accipitridae","Aquila",NA,"Aquila chrysaetos","Golden Eagle","GoldenEagle","Grassland",3,2,"Carnivore","Vertivore","Aerial",NA,NA,"Diurnal raptors",NA,"Diurnal raptors",0,0,0.230946882,"+","=","+","=+",NA,NA,NA,NA,NA
3010,"Fiske¯rn","Pandion haliaetus","Accipitriformes","Pandionidae","Pandion",NA,"Pandion haliaetus","Western Osprey","WesternOsprey","Marine",3,3,"Carnivore","Aquatic predator","Aerial",NA,NA,"Diurnal raptors",NA,"Diurnal raptors",0,0.046189376,0.277136259,"+","+","+","++",NA,NA,NA,NA,NA
3040,"TÂrnfalk","Falco tinnunculus","Falconiformes","Falconidae","Falco",NA,"Falco tinnunculus","Common Kestrel","CommonKestrel","Shrubland",3,3,"Carnivore","Vertivore","Aerial",NA,NA,"Diurnal raptors",NA,"Diurnal raptors",35.42725173,58.10623557,51.73210162,"+","+","-","+-",NA,NA,NA,NA,NA
3100,"LÊrkefalk","Falco subbuteo","Falconiformes","Falconidae","Falco",NA,"Falco subbuteo","Eurasian Hobby","EurasianHobby","Woodland",3,3,"Carnivore","Invertivore","Aerial","Falco subbuteo","Diurnal raptors","Diurnal raptors",NA,"Diurnal raptors",0.369515012,0.184757506,1.200923788,"+","-","+","-+",NA,NA,NA,NA,NA
3200,"Vandrefalk","Falco peregrinus","Falconiformes","Falconidae","Falco",NA,"Falco peregrinus","Peregrine Falcon","PeregrineFalcon","Grassland",3,2,"Carnivore","Vertivore","Aerial",NA,NA,"Diurnal raptors",NA,"Diurnal raptors",0.046189376,0,0.64665127,"+","-","+","-+",NA,NA,NA,NA,NA
3320,"Urfugl","Lyrurus tetrix","Galliformes","Phasianidae","Lyrurus",NA,"Lyrurus tetrix","Black Grouse","BlackGrouse","Forest",3,1,"Herbivore","Herbivore terrestrial","Terrestrial","Tetrao tetrix","Gallinaceous birds",NA,NA,"Gallinaceous birds",3.002309469,0.046189376,0,"-","-","-","--",NA,NA,NA,NA,NA
3670,"Agerh¯ne","Perdix perdix","Galliformes","Phasianidae","Perdix",NA,"Perdix perdix","Grey Partridge","GreyPartridge","Grassland",3,1,"Herbivore","Omnivore","Terrestrial",NA,NA,"Gallinaceous birds",NA,"Gallinaceous birds",62.17090069,70.90069284,38.84526559,"-","+","-","+-",NA,NA,NA,NA,NA
3700,"Vagtel","Coturnix coturnix","Galliformes","Phasianidae","Coturnix",NA,"Coturnix coturnix","Common Quail","CommonQuail","Human Modified",3,3,"Herbivore","Granivore","Terrestrial","Coturnix coturnix","Gallinaceous birds","Gallinaceous birds",NA,"Gallinaceous birds",1.662817552,5.357967667,32.42494226,"+","+","+","++",NA,NA,NA,NA,NA
4070,"Vandrikse","Rallus aquaticus","Gruiformes","Rallidae","Rallus",NA,"Rallus aquaticus","Water Rail","WaterRail","Wetland",1,2,"Carnivore","Aquatic predator","Terrestrial","Rallus aquaticus","Rails","Rails",NA,"Rails",11.31639723,19.81524249,28.91454965,"+","+","+","++",NA,NA,NA,NA,NA
4080,"Plettet R¯rvagtel","Porzana porzana","Gruiformes","Rallidae","Porzana",NA,"Porzana porzana","Spotted Crake","SpottedCrake","Wetland",1,3,"Omnivore","Aquatic predator","Terrestrial","Porzana porzana","Rails","Rails",NA,"Rails",2.632794457,1.154734411,3.787528868,"+","-","+","-+",NA,NA,NA,NA,NA
4210,"Engsnarre","Crex crex","Gruiformes","Rallidae","Crex",NA,"Crex crex","Corn Crake","CornCrake","Grassland",2,3,"Carnivore","Omnivore","Terrestrial",NA,NA,"Rails",NA,"Rails",3.972286374,0.554272517,7.621247113,"+","-","+","-+",NA,NA,NA,NA,NA
4240,"R¯rh¯ne (Gr¯nbenet)","Gallinula chloropus","Gruiformes","Rallidae","Gallinula",NA,"Gallinula chloropus","Common Moorhen","CommonMoorhen","Wetland",3,1,"Omnivore","Omnivore","Terrestrial","Gallinula chloropus","Rails","Rails",NA,"Rails",62.03233256,64.8960739,56.39722864,"-","+","-","+-",NA,NA,NA,NA,NA
4290,"Blish¯ne","Fulica atra","Gruiformes","Rallidae","Fulica",NA,"Fulica atra","Eurasian Coot","EurasianCoot","Wetland",3,1,"Herbivore","Herbivore aquatic","Generalist","Fulica atra","Rails","Rails",NA,"Rails",60.87759815,78.47575058,61.93995381,"+","+","-","+-",NA,NA,NA,NA,NA
4330,"Trane","Grus grus","Gruiformes","Gruidae","Grus",NA,"Grus grus","Common Crane","CommonCrane","Wetland",3,3,"Herbivore","Omnivore","Terrestrial","Grus grus","Wading birds","Wading birds",NA,"Wading birds",0.138568129,0.64665127,12.147806,"+","+","+","++",NA,NA,NA,NA,NA
4500,"Strandskade","Haematopus ostralegus","Charadriiformes","Haematopodidae","Haematopus",NA,"Haematopus ostralegus","Eurasian Oystercatcher","EurasianOystercatcher","Coastal",3,1,"Carnivore","Aquatic predator","Terrestrial","Haematopus ostralegus","Plovers","Plovers",NA,"Plovers",31.73210162,39.81524249,41.33949192,"+","+","+","++",NA,NA,NA,NA,NA
4550,"Styltel¯ber","Himantopus himantopus","Charadriiformes","Recurvirostridae","Himantopus",NA,"Himantopus himantopus","Black-winged Stilt","BlackwingedStilt","Wetland",3,2,"Carnivore","Aquatic predator","Terrestrial","Himantopus himantopus","Plovers",NA,NA,"Plovers",0,0.046189376,0.046189376,"+","+","=","+=",NA,NA,NA,NA,NA
4560,"Klyde","Recurvirostra avosetta","Charadriiformes","Recurvirostridae","Recurvirostra",NA,"Recurvirostra avosetta","Pied Avocet","PiedAvocet","Wetland",3,2,"Carnivore","Aquatic predator","Terrestrial","Recurvirostra avosetta","Plovers","Plovers",NA,"Plovers",12.00923788,10.11547344,9.653579677,"-","-","-","--",NA,NA,NA,NA,NA
4690,"Lille PrÊstekrave","Charadrius dubius","Charadriiformes","Charadriidae","Charadrius",NA,"Charadrius dubius","Little Ringed Plover","LittleRingedPlover","Wetland",3,3,"Carnivore","Aquatic predator","Terrestrial","Charadrius dubius","Plovers","Plovers",NA,"Plovers",4.665127021,10.71593533,18.38337182,"+","+","+","++",NA,NA,NA,NA,NA
4700,"Stor PrÊstekrave","Charadrius hiaticula","Charadriiformes","Charadriidae","Charadrius",NA,"Charadrius hiaticula","Common Ringed Plover","CommonRingedPlover","Coastal",3,2,"Carnivore","Aquatic predator","Terrestrial","Charadrius hiaticula","Plovers","Plovers",NA,"Plovers",26.05080831,26.42032333,21.66281755,"-","+","-","+-",NA,NA,NA,NA,NA
4770,"Hvidbrystet PrÊstekrave","Anarhynchus alexandrinus","Charadriiformes","Charadriidae","Anarhynchus",NA,"Anarhynchus alexandrinus","Kentish Plover","KentishPlover","Coastal",3,2,"Carnivore","Aquatic predator","Terrestrial",NA,NA,"Plovers",NA,"Plovers",1.847575058,0.508083141,0.369515012,"-","-","-","--",NA,NA,NA,NA,NA
4850,"Hjejle","Pluvialis apricaria","Charadriiformes","Charadriidae","Pluvialis",NA,"Pluvialis apricaria","European Golden Plover","EuropeanGoldenPlover","Grassland",3,3,"Carnivore","Invertivore","Terrestrial","Pluvialis apricaria","Plovers","Plovers",NA,"Plovers",0.415704388,0.230946882,0.046189376,"-","-","-","--",NA,NA,NA,NA,NA
4930,"Vibe","Vanellus vanellus","Charadriiformes","Charadriidae","Vanellus",NA,"Vanellus vanellus","Northern Lapwing","NorthernLapwing","Wetland",3,2,"Carnivore","Omnivore","Terrestrial","Vanellus vanellus","Plovers","Plovers",NA,"Plovers",86.78983834,88.17551963,83.18706697,"-","+","-","+-",NA,NA,NA,NA,NA
5120,"Almindelig Ryle","Calidris alpina","Charadriiformes","Scolopacidae","Calidris",NA,"Calidris alpina","Dunlin","Dunlin","Wetland",3,3,"Carnivore","Aquatic predator","Terrestrial","Calidris alpina","Scolopacids","Scolopacids",NA,"Scolopacids",6.928406467,3.556581986,0.969976905,"-","-","-","--",NA,NA,NA,NA,NA
5170,"Brushane","Calidris pugnax","Charadriiformes","Scolopacidae","Calidris",NA,"Calidris pugnax","Ruff","Ruff","Wetland",3,3,"Carnivore","Aquatic predator","Terrestrial","Philomachus pugnax","Scolopacids","Scolopacids",NA,"Scolopacids",5.958429561,2.07852194,0.600461894,"-","-","-","--",NA,NA,NA,NA,NA
5190,"Dobbeltbekkasin","Gallinago gallinago","Charadriiformes","Scolopacidae","Gallinago",NA,"Gallinago gallinago","Common Snipe","CommonSnipe","Wetland",3,3,"Carnivore","Aquatic predator","Terrestrial","Gallinago gallinago","Scolopacids","Scolopacids",NA,"Scolopacids",44.20323326,31.87066975,24.20323326,"-","-","-","--",NA,NA,NA,NA,NA
5290,"Skovsneppe","Scolopax rusticola","Charadriiformes","Scolopacidae","Scolopax",NA,"Scolopax rusticola","Eurasian Woodcock","EurasianWoodcock","Forest",3,3,"Carnivore","Omnivore","Terrestrial","Scolopax rusticola","Scolopacids","Scolopacids",NA,"Scolopacids",10.57736721,16.58198614,14.91916859,"+","+","-","+-",NA,NA,NA,NA,NA
5320,"Stor Kobbersneppe","Limosa limosa","Charadriiformes","Scolopacidae","Limosa",NA,"Limosa limosa","Black-tailed Godwit","BlacktailedGodwit","Wetland",3,3,"Carnivore","Aquatic predator","Terrestrial","Limosa limosa","Scolopacids","Scolopacids",NA,"Scolopacids",3.833718245,2.494226328,1.939953811,"-","-","-","--",NA,NA,NA,NA,NA
5410,"Storspove","Numenius arquata","Charadriiformes","Scolopacidae","Numenius",NA,"Numenius arquata","Eurasian Curlew","EurasianCurlew","Grassland",3,3,"Carnivore","Aquatic predator","Terrestrial",NA,NA,"Scolopacids",NA,"Scolopacids",6.697459584,6.004618938,5.219399538,"-","-","-","--",NA,NA,NA,NA,NA
5460,"R¯dben","Tringa totanus","Charadriiformes","Scolopacidae","Tringa",NA,"Tringa totanus","Common Redshank","CommonRedshank","Wetland",3,3,"Carnivore","Aquatic predator","Terrestrial","Tringa totanus","Scolopacids","Scolopacids",NA,"Scolopacids",34.3187067,30.16166282,25.31177829,"-","-","-","--",NA,NA,NA,NA,NA
5530,"Svaleklire","Tringa ochropus","Charadriiformes","Scolopacidae","Tringa",NA,"Tringa ochropus","Green Sandpiper","GreenSandpiper","Wetland",3,3,"Carnivore","Aquatic predator","Terrestrial","Tringa ochropus","Scolopacids","Scolopacids",NA,"Scolopacids",1.247113164,1.755196305,1.43187067,"+","+","-","+-",NA,NA,NA,NA,NA
5540,"Tinksmed","Tringa glareola","Charadriiformes","Scolopacidae","Tringa",NA,"Tringa glareola","Wood Sandpiper","WoodSandpiper","Wetland",3,3,"Carnivore","Aquatic predator","Terrestrial","Tringa glareola","Scolopacids",NA,NA,"Scolopacids",3.048498845,1.29330254,0.877598152,"-","-","-","--",NA,NA,NA,NA,NA
5560,"Mudderklire","Actitis hypoleucos","Charadriiformes","Scolopacidae","Actitis",NA,"Actitis hypoleucos","Common Sandpiper","CommonSandpiper","Wetland",3,3,"Carnivore","Aquatic predator","Terrestrial","Actitis hypoleucos","Scolopacids","Scolopacids",NA,"Scolopacids",0.831408776,0.184757506,0.092378753,"-","-","-","--",NA,NA,NA,NA,NA
5610,"Stenvender","Arenaria interpres","Charadriiformes","Scolopacidae","Arenaria",NA,"Arenaria interpres","Ruddy Turnstone","RuddyTurnstone","Coastal",3,3,"Carnivore","Aquatic predator","Terrestrial","Arenaria interpres","Scolopacids",NA,NA,"Scolopacids",0.461893764,0.461893764,0.138568129,"-","=","-","=-",NA,NA,NA,NA,NA
5750,"Sorthovedet MÂge","Ichthyaetus melanocephalus","Charadriiformes","Laridae","Ichthyaetus",NA,"Ichthyaetus melanocephalus","Mediterranean Gull","MediterraneanGull","Coastal",3,2,"Carnivore","Omnivore","Generalist","Larus melanocephalus","Gulls",NA,NA,"Gulls",0,0.046189376,1.062355658,"+","+","+","++",NA,NA,NA,NA,NA
5820,"HÊttemÂge","Chroicocephalus ridibundus","Charadriiformes","Laridae","Chroicocephalus",NA,"Chroicocephalus ridibundus","Black-headed Gull","BlackheadedGull","Wetland",3,2,"Carnivore","Aquatic predator","Generalist","Larus ridibundus","Gulls","Gulls",NA,"Gulls",29.46882217,19.35334873,11.9630485,"-","-","-","--",NA,NA,NA,NA,NA
5900,"StormmÂge","Larus canus","Charadriiformes","Laridae","Larus",NA,"Larus canus","Common Gull","CommonGull","Coastal",3,3,"Carnivore","Omnivore","Terrestrial","Larus canus","Gulls",NA,NA,"Gulls",15.2886836,14.36489607,18.52193995,"+","-","+","-+",NA,NA,NA,NA,NA
5910,"SildemÂge","Larus fuscus","Charadriiformes","Laridae","Larus",NA,"Larus fuscus","Lesser Black-backed Gull","LesserBlackbackedGull","Coastal",3,2,"Carnivore","Aquatic predator","Generalist","Larus fuscus","Gulls","Gulls",NA,"Gulls",0.831408776,2.309468822,3.695150115,"+","+","+","++",NA,NA,NA,NA,NA
5920,"S¯lvmÂge","Larus argentatus","Charadriiformes","Laridae","Larus",NA,"Larus argentatus","European Herring Gull","EuropeanHerringGull","Coastal",3,2,"Carnivore","Aquatic predator","Generalist",NA,NA,"Gulls",NA,"Gulls",10.48498845,11.08545035,13.94919169,"+","+","+","++",NA,NA,NA,NA,NA
6000,"Svartbag","Larus marinus","Charadriiformes","Laridae","Larus",NA,"Larus marinus","Great Black-backed Gull","GreatBlackbackedGull","Coastal",3,2,"Omnivore","Omnivore","Terrestrial","Larus marinus","Gulls","Gulls",NA,"Gulls",1.755196305,5.496535797,6.281755196,"+","+","+","++",NA,NA,NA,NA,NA
6020,"Ride","Rissa tridactyla","Charadriiformes","Laridae","Rissa",NA,"Rissa tridactyla","Black-legged Kittiwake","BlackleggedKittiwake","Marine",3,2,"Carnivore","Aquatic predator","Aerial","Rissa tridactyla","Gulls",NA,NA,"Gulls",0.184757506,0.230946882,0.092378753,"-","+","-","+-",NA,NA,NA,NA,NA
6050,"Sandterne","Gelochelidon nilotica","Charadriiformes","Laridae","Gelochelidon",NA,"Gelochelidon nilotica","Gull-billed Tern","GullbilledTern","Coastal",3,3,"Carnivore","Omnivore","Aerial","Gelochelidon nilotica","Terns",NA,NA,"Terns",0.508083141,0.230946882,0.046189376,"-","-","-","--",NA,NA,NA,NA,NA
6110,"Splitterne","Thalasseus sandvicensis","Charadriiformes","Laridae","Thalasseus",NA,"Thalasseus sandvicensis","Sandwich Tern","SandwichTern","Marine",3,3,"Carnivore","Aquatic predator","Aerial","Sterna sandvicensis","Terns","Terns",NA,"Terns",2.309468822,1.339491917,0.877598152,"-","-","-","--",NA,NA,NA,NA,NA
6150,"Fjordterne","Sterna hirundo","Charadriiformes","Laridae","Sterna",NA,"Sterna hirundo","Common Tern","CommonTern","Marine",3,3,"Carnivore","Aquatic predator","Aerial","Sterna hirundo","Terns","Terns",NA,"Terns",7.390300231,4.896073903,5.819861432,"-","-","+","-+",NA,NA,NA,NA,NA
6160,"Havterne","Sterna paradisaea","Charadriiformes","Laridae","Sterna",NA,"Sterna paradisaea","Arctic Tern","ArcticTern","Coastal",3,3,"Carnivore","Aquatic predator","Aerial","Sterna paradisaea","Terns","Terns",NA,"Terns",10.53117783,9.561200924,7.482678984,"-","-","-","--",NA,NA,NA,NA,NA
6240,"DvÊrgterne","Sternula albifrons","Charadriiformes","Laridae","Sternula",NA,"Sternula albifrons","Little Tern","LittleTern","Coastal",3,3,"Carnivore","Aquatic predator","Aerial","Sterna albifrons","Terns","Terns",NA,"Terns",7.990762125,3.695150115,3.418013857,"-","-","-","--",NA,NA,NA,NA,NA
6270,"Sortterne","Chlidonias niger","Charadriiformes","Laridae","Chlidonias",NA,"Chlidonias niger","Black Tern","BlackTern","Wetland",3,3,"Carnivore","Aquatic predator","Aerial","Chlidonis niger","Terns",NA,NA,"Terns",1.709006928,0.600461894,0.230946882,"-","-","-","--",NA,NA,NA,NA,NA
6380,"Tejst","Cepphus grylle","Charadriiformes","Alcidae","Cepphus",NA,"Cepphus grylle","Black Guillemot","BlackGuillemot","Marine",3,3,"Carnivore","Aquatic predator","Aquatic","Cepphus grylle",NA,"Aquatic pursuers",NA,"Aquatic pursuers",0.877598152,0.923787529,1.29330254,"+","+","+","++",NA,NA,NA,NA,NA
6680,"Huldue","Columba oenas","Columbiformes","Columbidae","Columba",NA,"Columba oenas","Stock Dove","StockDove","Woodland",3,1,"Herbivore","Omnivore","Terrestrial","Columba oenas","Columbids","Columbids",NA,"Columbids",2.124711316,12.19399538,30.90069284,"+","+","+","++",NA,NA,NA,NA,NA
6700,"Ringdue","Columba palumbus","Columbiformes","Columbidae","Columba",NA,"Columba palumbus","Common Wood Pigeon","CommonWoodPigeon","Woodland",2,1,"Herbivore","Omnivore","Terrestrial","Columba palumbus","Columbids","Columbids",NA,"Columbids",87.57505774,94.87297921,97.18244804,"+","+","+","++",NA,NA,NA,NA,NA
6840,"Tyrkerdue","Streptopelia decaocto","Columbiformes","Columbidae","Streptopelia",NA,"Streptopelia decaocto","Eurasian Collared Dove","EurasianCollaredDove","Human Modified",3,1,"Herbivore","Omnivore","Terrestrial","Streptopelia decaocto","Columbids","Columbids",NA,"Columbids",52.37875289,71.45496536,69.83833718,"+","+","-","+-",NA,NA,NA,NA,NA
6870,"Turteldue","Streptopelia turtur","Columbiformes","Columbidae","Streptopelia",NA,"Streptopelia turtur","European Turtle Dove","EuropeanTurtleDove","Woodland",2,3,"Herbivore","Granivore","Terrestrial","Streptopelia turtur","Columbids","Columbids",NA,"Columbids",0.831408776,1.478060046,1.478060046,"+","+","=","+=",NA,NA,NA,NA,NA
7240,"G¯g","Cuculus canorus","Cuculiformes","Cuculidae","Cuculus",NA,"Cuculus canorus","Common Cuckoo","CommonCuckoo","Forest",2,3,"Carnivore","Invertivore","Insessorial","Cuculus canorus",NA,"Cuckoos",NA,"Cuckoos",77.87528868,84.94226328,84.06466513,"+","+","-","+-",NA,NA,NA,NA,NA
7350,"Sl¯rugle","Tyto alba","Strigiformes","Tytonidae","Tyto",NA,"Tyto alba","Western Barn Owl","WesternBarnOwl","Human Modified",3,1,"Carnivore","Vertivore","Insessorial",NA,NA,NA,"Owls","Owls",3.325635104,1.939953811,7.944572748,"+","-","+","-+",NA,NA,NA,NA,NA
7440,"Stor Hornugle","Bubo bubo","Strigiformes","Strigidae","Bubo",NA,"Bubo bubo","Eurasian Eagle-Owl","EurasianEagleOwl","Rock",2,1,"Carnivore","Vertivore","Insessorial",NA,NA,NA,"Owls","Owls",0,1.29330254,4.849884527,"+","+","+","++",NA,NA,NA,NA,NA
7570,"Kirkeugle","Athene noctua","Strigiformes","Strigidae","Athene",NA,"Athene noctua","Little Owl","LittleOwl","Human Modified",3,1,"Carnivore","Omnivore","Insessorial","Athene noctua","Owls",NA,NA,"Owls",15.61200924,5.080831409,1.200923788,"-","-","-","--",NA,NA,NA,NA,NA
7610,"Natugle","Strix aluco","Strigiformes","Strigidae","Strix",NA,"Strix aluco","Tawny Owl","TawnyOwl","Forest",1,1,"Carnivore","Vertivore","Insessorial","Strix aluco","Owls","Owls",NA,"Owls",38.15242494,41.47806005,47.0669746,"+","+","+","++",NA,NA,NA,NA,NA
7670,"Skovhornugle","Asio otus","Strigiformes","Strigidae","Asio",NA,"Asio otus","Long-eared Owl","LongearedOwl","Forest",2,2,"Carnivore","Vertivore","Aerial","Asio otus","Owls",NA,NA,"Owls",19.72286374,31.27020785,27.43648961,"+","+","-","+-",NA,NA,NA,NA,NA
7680,"Mosehornugle","Asio flammeus","Strigiformes","Strigidae","Asio",NA,"Asio flammeus","Short-eared Owl","ShortearedOwl","Grassland",3,3,"Carnivore","Vertivore","Aerial","Asio flammeus","Owls","Owls",NA,"Owls",2.07852194,0.692840647,0.369515012,"-","-","-","--",NA,NA,NA,NA,NA
7780,"Natravn","Caprimulgus europaeus","Caprimulgiformes","Caprimulgidae","Caprimulgus",NA,"Caprimulgus europaeus","European Nightjar","EuropeanNightjar","Shrubland",2,3,"Carnivore","Invertivore","Aerial","Caprimulgus europaeus",NA,NA,"Nigthjars","Nigthjars",6.974595843,5.681293303,11.22401848,"+","-","+","-+","Breeding",NA,NA,NA,NA
7950,"Mursejler","Apus apus","Apodiformes","Apodidae","Apus",NA,"Apus apus","Common Swift","CommonSwift","Human Modified",1,3,"Carnivore","Invertivore","Aerial","Apus apus","Aerial insectivores","Aerial insectivores",NA,"Aerial insectivores",21.7551963,28.63741339,27.15935335,"+","+","-","+-",NA,NA,NA,NA,NA
8310,"Isfugl","Alcedo atthis","Coraciiformes","Alcedinidae","Alcedo",NA,"Alcedo atthis","Common Kingfisher","CommonKingfisher","Riverine",2,1,"Carnivore","Aquatic predator","Insessorial","Alcedo atthis",NA,"Kingfishers",NA,"Kingfishers",4.988452656,7.390300231,14.68822171,"+","+","+","++",NA,NA,NA,NA,NA
8480,"Vendehals","Jynx torquilla","Piciformes","Picidae","Jynx",NA,"Jynx torquilla","Eurasian Wryneck","EurasianWryneck","Woodland",1,3,"Carnivore","Invertivore","Terrestrial","Jynx torquilla","Woodpeckers","Woodpeckers",NA,"Woodpeckers",6.651270208,4.618937644,7.297921478,"+","-","+","-+",NA,NA,NA,NA,NA
8560,"Gr¯nspÊtte","Picus viridis","Piciformes","Picidae","Picus",NA,"Picus viridis","European Green Woodpecker","EuropeanGreenWoodpecker","Forest",2,1,"Carnivore","Invertivore","Terrestrial","Picus viridis","Woodpeckers","Woodpeckers",NA,"Woodpeckers",16.62817552,20.87759815,23.37182448,"+","+","+","++",NA,NA,NA,NA,NA
8630,"SortspÊtte","Dryocopus martius","Piciformes","Picidae","Dryocopus",NA,"Dryocopus martius","Black Woodpecker","BlackWoodpecker","Forest",1,1,"Carnivore","Invertivore","Insessorial","Dryocopus martius","Woodpeckers","Woodpeckers",NA,"Woodpeckers",2.956120092,7.898383372,6.974595843,"+","+","-","+-",NA,NA,NA,NA,NA
8760,"Stor FlagspÊtte","Dendrocopos major","Piciformes","Picidae","Dendrocopos",NA,"Dendrocopos major","Great Spotted Woodpecker","GreatSpottedWoodpecker","Woodland",1,1,"Omnivore","Omnivore","Insessorial","Dendrocopos major","Woodpeckers","Woodpeckers",NA,"Woodpeckers",53.99538106,72.51732102,80.96997691,"+","+","+","++",NA,NA,NA,NA,NA
8870,"Lille FlagspÊtte","Dryobates minor","Piciformes","Picidae","Dryobates",NA,"Dryobates minor","Lesser Spotted Woodpecker","LesserSpottedWoodpecker","Forest",1,1,"Carnivore","Invertivore","Insessorial","Dendrocopos minor","Woodpeckers",NA,NA,"Woodpeckers",0.323325635,2.401847575,2.401847575,"+","+","=","+=",NA,NA,NA,NA,NA
9720,"ToplÊrke","Galerida cristata","Passeriformes","Alaudidae","Galerida",NA,"Galerida cristata","Crested Lark","CrestedLark","Grassland",3,1,"Omnivore","Omnivore","Terrestrial","Galerida cristata","Open-land insectivores",NA,NA,"Open-land insectivores",8.591224018,1.755196305,0.046189376,"-","-","-","--",NA,NA,NA,NA,NA
9740,"HedelÊrke","Lullula arborea","Passeriformes","Alaudidae","Lullula",NA,"Lullula arborea","Woodlark","Woodlark","Woodland",3,2,"Omnivore","Omnivore","Terrestrial",NA,NA,"Open-land insectivores",NA,"Open-land insectivores",6.281755196,6.88221709,16.44341801,"+","+","+","++",NA,NA,NA,NA,NA
9760,"SanglÊrke","Alauda arvensis","Passeriformes","Alaudidae","Alauda",NA,"Alauda arvensis","Eurasian Skylark","EurasianSkylark","Grassland",3,2,"Omnivore","Omnivore","Terrestrial","Alauda arvensis","Open-land insectivores","Open-land insectivores",NA,"Open-land insectivores",95.8891455,97.92147806,97.82909931,"+","+","-","+-",NA,NA,NA,NA,NA
9810,"Digesvale","Riparia riparia","Passeriformes","Hirundinidae","Riparia",NA,"Riparia riparia","Sand Martin","SandMartin","Riverine",3,3,"Carnivore","Invertivore","Aerial","Riparia riparia","Aerial insectivores","Aerial insectivores",NA,"Aerial insectivores",46.51270208,34.78060046,29.05311778,"-","-","-","--",NA,NA,NA,NA,NA
9920,"Landsvale","Hirundo rustica","Passeriformes","Hirundinidae","Hirundo",NA,"Hirundo rustica","Barn Swallow","BarnSwallow","Human Modified",3,3,"Carnivore","Invertivore","Aerial","Hirundo rustica","Aerial insectivores","Aerial insectivores",NA,"Aerial insectivores",89.74595843,93.94919169,94.22632794,"+","+","+","++",NA,NA,NA,NA,NA
10010,"Bysvale","Delichon urbicum","Passeriformes","Hirundinidae","Delichon",NA,"Delichon urbicum","Common House Martin","CommonHouseMartin","Human Modified",3,3,"Carnivore","Invertivore","Aerial","Delichon urbica","Aerial insectivores","Aerial insectivores",NA,"Aerial insectivores",66.09699769,79.44572748,84.75750577,"+","+","+","++",NA,NA,NA,NA,NA
10050,"Markpiber","Anthus campestris","Passeriformes","Motacillidae","Anthus",NA,"Anthus campestris","Tawny Pipit","TawnyPipit","Grassland",3,3,"Carnivore","Invertivore","Terrestrial","Anthus campestris","Open-land insectivores",NA,NA,"Open-land insectivores",1.200923788,0.369515012,0.046189376,"-","-","-","--",NA,NA,NA,NA,NA
10090,"Skovpiber","Anthus trivialis","Passeriformes","Motacillidae","Anthus",NA,"Anthus trivialis","Tree Pipit","TreePipit","Woodland",2,3,"Omnivore","Invertivore","Terrestrial","Anthus trivialis","Open-land insectivores","Low flycatching feeders",NA,"Low flycatching feeders",57.69053118,60.32332564,64.29561201,"+","+","+","++",NA,NA,NA,NA,NA
10110,"Engpiber","Anthus pratensis","Passeriformes","Motacillidae","Anthus",NA,"Anthus pratensis","Meadow Pipit","MeadowPipit","Grassland",3,2,"Carnivore","Invertivore","Terrestrial","Anthus pratensis","Open-land insectivores","Open-land insectivores",NA,"Open-land insectivores",56.76674365,56.8591224,56.8591224,"+","+","=","+=",NA,NA,NA,NA,NA
10135,"SkÊrpiber","Anthus petrosus","Passeriformes","Motacillidae","Anthus",NA,"Anthus petrosus","European Rock Pipit","EuropeanRockPipit","Rock",3,2,"Carnivore","Invertivore","Terrestrial",NA,NA,NA,"Open-land insectivores","Open-land insectivores",0.831408776,1.062355658,0.277136259,"-","+","-","+-",NA,NA,NA,NA,NA
10170,"Gul Vipstjert","Motacilla flava","Passeriformes","Motacillidae","Motacilla",NA,"Motacilla flava","Western Yellow Wagtail","WesternYellowWagtail","Grassland",3,3,"Carnivore","Invertivore","Terrestrial",NA,NA,"Open-land insectivores",NA,"Open-land insectivores",24.94226328,17.4595843,23.3256351,"-","-","+","-+",NA,NA,NA,NA,NA
10190,"Bjergvipstjert","Motacilla cinerea","Passeriformes","Motacillidae","Motacilla",NA,"Motacilla cinerea","Grey Wagtail","GreyWagtail","Riverine",3,2,"Carnivore","Invertivore","Terrestrial",NA,NA,"Open-land insectivores",NA,"Open-land insectivores",4.572748268,15.05773672,10.06928406,"+","+","-","+-",NA,NA,NA,NA,NA
10200,"Hvid Vipstjert","Motacilla alba","Passeriformes","Motacillidae","Motacilla",NA,"Motacilla alba","White Wagtail","WhiteWagtail","Human Modified",3,3,"Carnivore","Invertivore","Terrestrial","Motacilla alba","Open-land insectivores","Open-land insectivores",NA,"Open-land insectivores",76.76674365,93.16397229,94.96535797,"+","+","+","++",NA,NA,NA,NA,NA
10500,"VandstÊr","Cinclus cinclus","Passeriformes","Cinclidae","Cinclus",NA,"Cinclus cinclus","White-throated Dipper","WhitethroatedDipper","Riverine",3,1,"Carnivore","Aquatic predator","Generalist","Cinclus cinclus",NA,NA,"Dippers","Dippers",0.554272517,0.64665127,0.461893764,"-","+","-","+-",NA,NA,NA,NA,NA
10660,"GÊrdesmutte","Troglodytes troglodytes","Passeriformes","Troglodytidae","Troglodytes",NA,"Troglodytes troglodytes","Eurasian Wren","EurasianWren","Forest",1,3,"Carnivore","Invertivore","Insessorial",NA,NA,"Low flycatching feeders",NA,"Low flycatching feeders",81.70900693,93.90300231,97.04387991,"+","+","+","++",NA,NA,NA,NA,NA
10840,"Jernspurv","Prunella modularis","Passeriformes","Prunellidae","Prunella",NA,"Prunella modularis","Dunnock","Dunnock","Forest",2,1,"Omnivore","Invertivore","Terrestrial","Prunella modularis","Terrestrial and low¬† flycatching feeders","Low flycatching feeders",NA,"Low flycatching feeders",76.58198614,84.06466513,90.30023095,"+","+","+","++",NA,NA,NA,NA,NA
10990,"R¯dhals","Erithacus rubecula","Passeriformes","Muscicapidae","Erithacus",NA,"Erithacus rubecula","European Robin","EuropeanRobin","Forest",1,3,"Carnivore","Omnivore","Generalist","Erithacus rubecula","Terrestrial and low¬† flycatching feeders","Low flycatching feeders",NA,"Low flycatching feeders",77.18244804,88.12933025,91.08545035,"+","+","+","++",NA,NA,NA,NA,NA
11030,"Nattergal","Luscinia luscinia","Passeriformes","Muscicapidae","Luscinia",NA,"Luscinia luscinia","Thrush Nightingale","ThrushNightingale","Shrubland",1,3,"Carnivore","Invertivore","Generalist","Luscinia luscinia","Terrestrial and low¬† flycatching feeders","Low flycatching feeders",NA,"Low flycatching feeders",41.10854503,52.84064665,48.49884527,"+","+","-","+-",NA,NA,NA,NA,NA
11040,"Sydlig Nattergal","Luscinia megarhynchos","Passeriformes","Muscicapidae","Luscinia",NA,"Luscinia megarhynchos","Common Nightingale","CommonNightingale","Woodland",1,3,"Carnivore","Invertivore","Generalist","Luscinia svecica","Terrestrial and low¬† flycatching feeders",NA,NA,"Terrestrial and low¬† flycatching feeders",0,0,0.323325635,"+","=","+","=+",NA,NA,NA,NA,NA
11060,"BlÂhals","Luscinia svecica","Passeriformes","Muscicapidae","Luscinia",NA,"Luscinia svecica","Bluethroat","Bluethroat","Grassland",2,3,"Carnivore","Invertivore","Generalist",NA,NA,"Low flycatching feeders",NA,"Low flycatching feeders",0,0.184757506,10.43879908,"+","+","+","++",NA,NA,NA,NA,NA
11210,"Husr¯dstjert","Phoenicurus ochruros","Passeriformes","Muscicapidae","Phoenicurus",NA,"Phoenicurus ochruros","Black Redstart","BlackRedstart","Rock",3,2,"Omnivore","Invertivore","Insessorial","Phoenicurus ochruros","Terrestrial and low¬† flycatching feeders","Low flycatching feeders",NA,"Low flycatching feeders",5.635103926,21.5704388,30.62355658,"+","+","+","++",NA,NA,NA,NA,NA
11220,"R¯dstjert","Phoenicurus phoenicurus","Passeriformes","Muscicapidae","Phoenicurus",NA,"Phoenicurus phoenicurus","Common Redstart","CommonRedstart","Woodland",1,3,"Carnivore","Invertivore","Insessorial","Phoenicurus phoenicurus","Terrestrial and low¬† flycatching feeders","Low flycatching feeders",NA,"Low flycatching feeders",43.46420323,55.2886836,89.19168591,"+","+","+","++",NA,NA,NA,NA,NA
11370,"Bynkefugl","Saxicola rubetra","Passeriformes","Muscicapidae","Saxicola",NA,"Saxicola rubetra","Whinchat","Whinchat","Shrubland",2,3,"Carnivore","Invertivore","Insessorial","Saxicola rubetra","Terrestrial and low¬† flycatching feeders","Low flycatching feeders",NA,"Low flycatching feeders",48.59122402,42.95612009,32.42494226,"-","-","-","--",NA,NA,NA,NA,NA
11390,"Sortstrubet Bynkefugl","Saxicola rubicola","Passeriformes","Muscicapidae","Saxicola",NA,"Saxicola rubicola","European Stonechat","EuropeanStonechat","Shrubland",3,2,"Carnivore","Invertivore","Insessorial",NA,NA,"Low flycatching feeders",NA,"Low flycatching feeders",0.092378753,0.692840647,9.884526559,"+","+","+","++",NA,NA,NA,NA,NA
11460,"Stenpikker","Oenanthe oenanthe","Passeriformes","Muscicapidae","Oenanthe",NA,"Oenanthe oenanthe","Northern Wheatear","NorthernWheatear","Grassland",3,3,"Carnivore","Invertivore","Insessorial","Oenanthe oenanthe","Terrestrial and low¬† flycatching feeders","Low flycatching feeders",NA,"Low flycatching feeders",23.1408776,12.60969977,5.265588915,"-","-","-","--",NA,NA,NA,NA,NA
11870,"Solsort","Turdus merula","Passeriformes","Turdidae","Turdus",NA,"Turdus merula","Common Blackbird","CommonBlackbird","Forest",2,1,"Omnivore","Omnivore","Generalist","Turdus merula","Thrushes","Thrushes",NA,"Thrushes",94.91916859,97.41339492,98.01385681,"+","+","+","++",NA,NA,NA,NA,NA
11980,"Sjagger","Turdus pilaris","Passeriformes","Turdidae","Turdus",NA,"Turdus pilaris","Fieldfare","Fieldfare","Forest",1,3,"Carnivore","Invertivore","Generalist","Turdus pilaris","Thrushes","Thrushes",NA,"Thrushes",3.233256351,18.01385681,9.884526559,"+","+","-","+-",NA,NA,NA,NA,NA
12000,"Sangdrossel","Turdus philomelos","Passeriformes","Turdidae","Turdus",NA,"Turdus philomelos","Song Thrush","SongThrush","Forest",1,3,"Omnivore","Invertivore","Generalist","Turdus philomelos","Thrushes","Thrushes",NA,"Thrushes",85.35796767,88.59122402,93.48729792,"+","+","+","++",NA,NA,NA,NA,NA
12010,"Vindrossel","Turdus iliacus","Passeriformes","Turdidae","Turdus",NA,"Turdus iliacus","Redwing","Redwing","Forest",1,3,"Omnivore","Invertivore","Insessorial","Turdus iliacus","Thrushes",NA,NA,"Thrushes",0.831408776,0.092378753,0.092378753,"-","-","=","-=",NA,NA,NA,NA,NA
12020,"Misteldrossel","Turdus viscivorus","Passeriformes","Turdidae","Turdus",NA,"Turdus viscivorus","Mistle Thrush","MistleThrush","Forest",2,1,"Omnivore","Omnivore","Insessorial","Turdus viscivorus","Thrushes","Thrushes",NA,"Thrushes",20.96997691,47.02078522,48.68360277,"+","+","+","++",NA,NA,NA,NA,NA
12360,"GrÊshoppesanger","Locustella naevia","Passeriformes","Locustellidae","Locustella",NA,"Locustella naevia","Common Grasshopper Warbler","CommonGrasshopperWarbler","Shrubland",2,3,"Carnivore","Invertivore","Generalist",NA,NA,"Marsh warblers",NA,"Marsh warblers",10.71593533,19.49191686,25.95842956,"+","+","+","++",NA,NA,NA,NA,NA
12370,"Flodsanger","Locustella fluviatilis","Passeriformes","Locustellidae","Locustella",NA,"Locustella fluviatilis","River Warbler","RiverWarbler","Wetland",3,3,"Carnivore","Invertivore","Generalist","Locustella fluviatilis","Marsh warblers",NA,NA,"Marsh warblers",0,0.554272517,0.739030023,"+","+","+","++",NA,NA,NA,NA,NA
12380,"Savisanger","Locustella luscinioides","Passeriformes","Locustellidae","Locustella",NA,"Locustella luscinioides","Savi's Warbler","Savi'sWarbler","Wetland",3,3,"Carnivore","Invertivore","Generalist","Locustella luscinioides","Marsh warblers",NA,NA,"Marsh warblers",1.339491917,1.016166282,0.64665127,"-","-","-","--",NA,NA,NA,NA,NA
12430,"Sivsanger","Acrocephalus schoenobaenus","Passeriformes","Acrocephalidae","Acrocephalus",NA,"Acrocephalus schoenobaenus","Sedge Warbler","SedgeWarbler","Wetland",3,3,"Carnivore","Invertivore","Insessorial","Acrocephalus schoenobaenus","Marsh warblers","Marsh warblers",NA,"Marsh warblers",52.00923788,22.95612009,26.2817552,"-","-","+","-+",NA,NA,NA,NA,NA
12500,"KÊrsanger","Acrocephalus palustris","Passeriformes","Acrocephalidae","Acrocephalus",NA,"Acrocephalus palustris","Marsh Warbler","MarshWarbler","Shrubland",3,3,"Carnivore","Invertivore","Insessorial","Acrocephalus palustris","Marsh warblers","Marsh warblers",NA,"Marsh warblers",38.66050808,57.69053118,75.24249423,"+","+","+","++",NA,NA,NA,NA,NA
12510,"R¯rsanger","Acrocephalus scirpaceus","Passeriformes","Acrocephalidae","Acrocephalus",NA,"Acrocephalus scirpaceus","Eurasian Reed Warbler","EurasianReedWarbler","Wetland",3,3,"Carnivore","Invertivore","Insessorial","Acrocephalus scirpaceus","Marsh warblers","Marsh warblers",NA,"Marsh warblers",51.82448037,63.60277136,61.43187067,"+","+","-","+-",NA,NA,NA,NA,NA
12530,"Drosselr¯rsanger","Acrocephalus arundinaceus","Passeriformes","Acrocephalidae","Acrocephalus",NA,"Acrocephalus arundinaceus","Great Reed Warbler","GreatReedWarbler","Wetland",3,3,"Carnivore","Invertivore","Insessorial","Acrocephalus arundinaceus","Marsh warblers",NA,NA,"Marsh warblers",2.586605081,0.692840647,1.385681293,"-","-","+","-+",NA,NA,NA,NA,NA
12590,"Gulbug","Hippolais icterina","Passeriformes","Acrocephalidae","Hippolais",NA,"Hippolais icterina","Icterine Warbler","IcterineWarbler","Woodland",1,3,"Carnivore","Invertivore","Insessorial","Hippolais icterina","Foliage gleaners","Foliage gleaners",NA,"Foliage gleaners",76.02771363,75.98152425,78.89145497,"+","-","+","-+",NA,NA,NA,NA,NA
12730,"H¯gesanger","Curruca nisoria","Passeriformes","Sylviidae","Curruca",NA,"Curruca nisoria","Barred Warbler","BarredWarbler","Shrubland",2,3,"Carnivore","Invertivore","Insessorial","Sylvia nisoria","Foliage gleaners",NA,NA,"Foliage gleaners",0.923787529,0.138568129,0,"-","-","-","--",NA,NA,NA,NA,NA
12740,"GÊrdesanger","Curruca curruca","Passeriformes","Sylviidae","Curruca",NA,"Curruca curruca","Lesser Whitethroat","LesserWhitethroat","Shrubland",3,3,"Omnivore","Invertivore","Insessorial","Sylvia curruca","Foliage gleaners","Foliage gleaners",NA,"Foliage gleaners",77.6443418,83.83371824,92.10161663,"+","+","+","++",NA,NA,NA,NA,NA
12750,"Tornsanger","Curruca communis","Passeriformes","Sylviidae","Curruca",NA,"Curruca communis","Common Whitethroat","CommonWhitethroat","Shrubland",3,3,"Omnivore","Invertivore","Insessorial",NA,NA,"Foliage gleaners",NA,"Foliage gleaners",87.39030023,94.54965358,98.52193995,"+","+","+","++",NA,NA,NA,NA,NA
12760,"Havesanger","Sylvia borin","Passeriformes","Sylviidae","Sylvia",NA,"Sylvia borin","Garden Warbler","GardenWarbler","Woodland",1,3,"Omnivore","Omnivore","Insessorial","Sylvia borin","Foliage gleaners","Foliage gleaners",NA,"Foliage gleaners",78.56812933,84.84988453,87.0669746,"+","+","+","++",NA,NA,NA,NA,NA
12770,"Munk","Sylvia atricapilla","Passeriformes","Sylviidae","Sylvia",NA,"Sylvia atricapilla","Eurasian Blackcap","EurasianBlackcap","Woodland",1,3,"Omnivore","Omnivore","Insessorial","Sylvia atricapilla","Foliage gleaners","Foliage gleaners",NA,"Foliage gleaners",72.24018476,86.88221709,95.84295612,"+","+","+","++",NA,NA,NA,NA,NA
12930,"Lundsanger","Phylloscopus trochiloides","Passeriformes","Phylloscopidae","Phylloscopus",NA,"Phylloscopus trochiloides","Greenish Warbler","GreenishWarbler","Forest",1,3,"Carnivore","Invertivore","Insessorial",NA,NA,"Foliage gleaners",NA,"Foliage gleaners",0,0.369515012,0.415704388,"+","+","+","++",NA,NA,NA,NA,NA
13080,"Skovsanger","Phylloscopus sibilatrix","Passeriformes","Phylloscopidae","Phylloscopus",NA,"Phylloscopus sibilatrix","Wood Warbler","WoodWarbler","Forest",1,3,"Carnivore","Invertivore","Insessorial","Phylloscopus sibilatrix","Foliage gleaners","Foliage gleaners",NA,"Foliage gleaners",36.21247113,31.22401848,31.59353349,"-","-","+","-+",NA,NA,NA,NA,NA
13110,"Gransanger","Phylloscopus collybita","Passeriformes","Phylloscopidae","Phylloscopus",NA,"Phylloscopus collybita","Common Chiffchaff","CommonChiffchaff","Forest",1,3,"Carnivore","Invertivore","Insessorial",NA,NA,"Foliage gleaners",NA,"Foliage gleaners",52.9330254,85.54272517,97.50577367,"+","+","+","++",NA,NA,NA,NA,NA
13120,"L¯vsanger","Phylloscopus trochilus","Passeriformes","Phylloscopidae","Phylloscopus",NA,"Phylloscopus trochilus","Willow Warbler","WillowWarbler","Forest",1,3,"Carnivore","Invertivore","Insessorial","Phylloscopus trochilus","Foliage gleaners","Foliage gleaners",NA,"Foliage gleaners",88.36027714,93.34872979,92.79445727,"+","+","-","+-",NA,NA,NA,NA,NA
13140,"Fuglekonge","Regulus regulus","Passeriformes","Regulidae","Regulus",NA,"Regulus regulus","Goldcrest","Goldcrest","Forest",1,3,"Carnivore","Invertivore","Insessorial","Regulus regulus","Tit-like birds","Tit-like birds",NA,"Tit-like birds",64.24942263,70.66974596,66.83602771,"+","+","-","+-",NA,NA,NA,NA,NA
13150,"R¯dtoppet Fuglekonge","Regulus ignicapilla","Passeriformes","Regulidae","Regulus",NA,"Regulus ignicapilla","Common Firecrest","CommonFirecrest","Forest",1,3,"Carnivore","Invertivore","Insessorial",NA,NA,NA,"Tit-like birds","Tit-like birds",2.07852194,1.247113164,7.713625866,"+","-","+","-+",NA,NA,NA,NA,NA
13350,"GrÂ Fluesnapper","Muscicapa striata","Passeriformes","Muscicapidae","Muscicapa",NA,"Muscicapa striata","Spotted Flycatcher","SpottedFlycatcher","Forest",1,3,"Carnivore","Invertivore","Insessorial","Muscicapa striata",NA,"Flycatchers",NA,"Flycatchers",31.91685912,48.77598152,48.59122402,"+","+","-","+-",NA,NA,NA,NA,NA
13430,"Lille Fluesnapper","Ficedula parva","Passeriformes","Muscicapidae","Ficedula",NA,"Ficedula parva","Red-breasted Flycatcher","RedbreastedFlycatcher","Woodland",1,3,"Carnivore","Invertivore","Insessorial","Ficedula parva",NA,"Flycatchers",NA,"Flycatchers",0.369515012,0.600461894,0.600461894,"+","+","=","+=",NA,NA,NA,NA,NA
13490,"Broget Fluesnapper","Ficedula hypoleuca","Passeriformes","Muscicapidae","Ficedula",NA,"Ficedula hypoleuca","European Pied Flycatcher","EuropeanPiedFlycatcher","Forest",1,3,"Carnivore","Invertivore","Insessorial",NA,NA,"Flycatchers",NA,"Flycatchers",23.87990762,31.87066975,14.08775982,"-","+","-","+-",NA,NA,NA,NA,NA
13640,"SkÊgmejse","Panurus biarmicus","Passeriformes","Panuridae","Panurus",NA,"Panurus biarmicus","Bearded Reedling","BeardedReedling","Wetland",3,2,"Omnivore","Invertivore","Insessorial",NA,NA,"Reedlings",NA,"Reedlings",1.29330254,3.787528868,7.482678984,"+","+","+","++",NA,NA,NA,NA,NA
14370,"Halemejse","Aegithalos caudatus","Passeriformes","Aegithalidae","Aegithalos",NA,"Aegithalos caudatus","Long-tailed Tit","LongtailedTit","Forest",2,1,"Carnivore","Invertivore","Insessorial","Aegithalos caudatus","Tit-like birds","Tit-like birds",NA,"Tit-like birds",21.10854503,27.99076212,37.22863741,"+","+","+","++",NA,NA,NA,NA,NA
14400,"Sumpmejse","Poecile palustris","Passeriformes","Paridae","Poecile",NA,"Poecile palustris","Marsh Tit","MarshTit","Forest",1,1,"Omnivore","Invertivore","Insessorial","Parus palustris","Tit-like birds","Tit-like birds",NA,"Tit-like birds",43.69515012,50.11547344,63.97228637,"+","+","+","++",NA,NA,NA,NA,NA
14420,"Fyrremejse","Poecile montanus","Passeriformes","Paridae","Poecile",NA,"Poecile montanus","Willow Tit","WillowTit","Forest",1,1,"Omnivore","Invertivore","Insessorial","Parus montanus","Tit-like birds","Tit-like birds",NA,"Tit-like birds",0,1.755196305,5.173210162,"+","+","+","++",NA,NA,NA,NA,NA
14540,"Topmejse","Lophophanes cristatus","Passeriformes","Paridae","Lophophanes",NA,"Lophophanes cristatus","European Crested Tit","EuropeanCrestedTit","Woodland",1,1,"Omnivore","Invertivore","Insessorial",NA,NA,"Tit-like birds",NA,"Tit-like birds",34.45727483,39.72286374,39.63048499,"+","+","-","+-",NA,NA,NA,NA,NA
14610,"Sortmejse","Periparus ater","Passeriformes","Paridae","Periparus",NA,"Periparus ater","Coal Tit","CoalTit","Forest",1,1,"Omnivore","Invertivore","Insessorial","Parus ater","Tit-like birds","Tit-like birds",NA,"Tit-like birds",58.38337182,67.89838337,73.57967667,"+","+","+","++",NA,NA,NA,NA,NA
14620,"BlÂmejse","Cyanistes caeruleus","Passeriformes","Paridae","Cyanistes",NA,"Cyanistes caeruleus","Eurasian Blue Tit","EurasianBlueTit","Forest",1,1,"Omnivore","Invertivore","Insessorial",NA,NA,"Tit-like birds",NA,"Tit-like birds",77.87528868,89.83833718,93.67205543,"+","+","+","++",NA,NA,NA,NA,NA
14640,"Musvit","Parus major","Passeriformes","Paridae","Parus",NA,"Parus major","Great Tit","GreatTit","Woodland",2,1,"Omnivore","Invertivore","Insessorial","Parus major","Tit-like birds","Tit-like birds",NA,"Tit-like birds",90.53117783,95.33487298,96.62817552,"+","+","+","++",NA,NA,NA,NA,NA
14790,"SpÊtmejse","Sitta europaea","Passeriformes","Sittidae","Sitta",NA,"Sitta europaea","Eurasian Nuthatch","EurasianNuthatch","Forest",1,1,"Carnivore","Invertivore","Insessorial","Sitta europaea","Tit-like birds","Tit-like birds",NA,"Tit-like birds",34.08775982,44.24942263,68.96073903,"+","+","+","++",NA,NA,NA,NA,NA
14860,"TrÊl¯ber","Certhia familiaris","Passeriformes","Certhiidae","Certhia",NA,"Certhia familiaris","Eurasian Treecreeper","EurasianTreecreeper","Forest",1,1,"Omnivore","Invertivore","Insessorial","Certhia familiaris","Tit-like birds","Tit-like birds",NA,"Tit-like birds",25.31177829,41.52424942,48.59122402,"+","+","+","++",NA,NA,NA,NA,NA
14870,"KorttÂet TrÊl¯ber","Certhia brachydactyla","Passeriformes","Certhiidae","Certhia",NA,"Certhia brachydactyla","Short-toed Treecreeper","ShorttoedTreecreeper","Forest",1,1,"Carnivore","Invertivore","Insessorial","Certhia brachydactyla","Tit-like birds","Tit-like birds",NA,"Tit-like birds",1.478060046,9.515011547,23.64896074,"+","+","+","++",NA,NA,NA,NA,NA
14900,"Pungmejse","Remiz pendulinus","Passeriformes","Remizidae","Remiz",NA,"Remiz pendulinus","Eurasian Penduline Tit","EurasianPendulineTit","Wetland",2,3,"Omnivore","Invertivore","Insessorial","Remiz pendulinus",NA,"Tit-like birds",NA,"Tit-like birds",0.508083141,4.203233256,1.339491917,"+","+","-","+-",NA,NA,NA,NA,NA
15080,"Pirol","Oriolus oriolus","Passeriformes","Oriolidae","Oriolus",NA,"Oriolus oriolus","Eurasian Golden Oriole","EurasianGoldenOriole","Woodland",1,3,"Omnivore","Omnivore","Insessorial","Oriolus oriolus",NA,"Orioles",NA,"Orioles",9.284064665,3.048498845,1.016166282,"-","-","-","--",NA,NA,NA,NA,NA
15150,"R¯drygget Tornskade","Lanius collurio","Passeriformes","Laniidae","Lanius",NA,"Lanius collurio","Red-backed Shrike","RedbackedShrike","Woodland",3,3,"Carnivore","Invertivore","Insessorial","Lanius collurio",NA,"Shrikes",NA,"Shrikes",23.46420323,27.75981524,33.90300231,"+","+","+","++",NA,NA,NA,NA,NA
15200,"Stor Tornskade","Lanius excubitor","Passeriformes","Laniidae","Lanius",NA,"Lanius excubitor","Great Grey Shrike","GreatGreyShrike","Shrubland",3,3,"Carnivore","Vertivore","Insessorial",NA,NA,"Shrikes",NA,"Shrikes",1.062355658,0.831408776,0.277136259,"-","-","-","--",NA,NA,NA,NA,NA
15390,"Skovskade","Garrulus glandarius","Passeriformes","Corvidae","Garrulus",NA,"Garrulus glandarius","Eurasian Jay","EurasianJay","Forest",1,2,"Omnivore","Omnivore","Insessorial","Garrulus glandarius","Omnivorous corvids","Omnivorous corvids",NA,"Omnivorous corvids",44.7113164,62.77136259,52.24018476,"+","+","-","+-",NA,NA,NA,NA,NA
15490,"Husskade","Pica pica","Passeriformes","Corvidae","Pica",NA,"Pica pica","Eurasian Magpie","EurasianMagpie","Human Modified",3,1,"Omnivore","Omnivore","Terrestrial","Pica pica","Omnivorous corvids","Omnivorous corvids",NA,"Omnivorous corvids",75.79676674,79.95381062,83.69515012,"+","+","+","++",NA,NA,NA,NA,NA
15570,"N¯ddekrige","Nucifraga caryocatactes","Passeriformes","Corvidae","Nucifraga",NA,"Nucifraga caryocatactes","Spotted Nutcracker","SpottedNutcracker","Forest",1,2,"Omnivore","Granivore","Insessorial","Nucifraga caryocatactes","Omnivorous corvids",NA,NA,"Omnivorous corvids",0.138568129,0.969976905,0.184757506,"+","+","-","+-",NA,NA,NA,NA,NA
15600,"Allike","Coloeus monedula","Passeriformes","Corvidae","Coloeus",NA,"Coloeus monedula","Western Jackdaw","WesternJackdaw","Human Modified",3,3,"Carnivore","Invertivore","Terrestrial","Corvus monedula","Omnivorous corvids","Omnivorous corvids",NA,"Omnivorous corvids",53.30254042,63.04849885,64.06466513,"+","+","+","++",NA,NA,NA,NA,NA
15630,"RÂge","Corvus frugilegus","Passeriformes","Corvidae","Corvus",NA,"Corvus frugilegus","Rook","Rook","Grassland",3,1,"Omnivore","Omnivore","Terrestrial","Corvus frugilegus","Omnivorous corvids","Omnivorous corvids",NA,"Omnivorous corvids",15.33487298,26.14318707,39.67667436,"+","+","+","++",NA,NA,NA,NA,NA
15671,"Sortkrage","Corvus corone","Passeriformes","Corvidae","Corvus",NA,"Corvus corone","Carrion Crow","CarrionCrow","Human Modified",3,1,"Carnivore","Omnivore","Terrestrial","Corvus corone","Omnivorous corvids","Omnivorous corvids",NA,"Omnivorous corvids",7.297921478,10.90069284,9.6073903,"+","+","-","+-",NA,NA,NA,NA,NA
15673,"GrÂkrage","Corvus cornix","Passeriformes","Corvidae","Corvus",NA,"Corvus cornix","Hooded Crow","HoodedCrow","Human Modified",3,1,"Carnivore","Omnivore","Terrestrial",NA,NA,"Omnivorous corvids",NA,"Omnivorous corvids",71.03926097,86.55889145,85.81986143,"+","+","-","+-",NA,NA,NA,NA,NA
15720,"Ravn","Corvus corax","Passeriformes","Corvidae","Corvus",NA,"Corvus corax","Northern Raven","NorthernRaven","Forest",3,2,"Omnivore","Omnivore","Terrestrial","Corvus corax","Omnivorous corvids","Omnivorous corvids",NA,"Omnivorous corvids",6.096997691,21.93995381,53.44110855,"+","+","+","++",NA,NA,NA,NA,NA
15820,"StÊr","Sturnus vulgaris","Passeriformes","Sturnidae","Sturnus",NA,"Sturnus vulgaris","Common Starling","CommonStarling","Human Modified",3,2,"Omnivore","Omnivore","Insessorial","Sturnus vulgaris",NA,"Starlings",NA,"Starlings",90.99307159,93.57967667,90.71593533,"-","+","-","+-",NA,NA,NA,NA,NA
15910,"GrÂspurv","Passer domesticus","Passeriformes","Passeridae","Passer",NA,"Passer domesticus","House Sparrow","HouseSparrow","Human Modified",3,1,"Herbivore","Granivore","Terrestrial","Passer domesticus",NA,"Passerine seedeaters",NA,"Passerine seedeaters",90.43879908,90.02309469,87.66743649,"-","-","-","--",NA,NA,NA,NA,NA
15980,"Skovspurv","Passer montanus","Passeriformes","Passeridae","Passer",NA,"Passer montanus","Eurasian Tree Sparrow","EurasianTreeSparrow","Woodland",2,1,"Omnivore","Granivore","Terrestrial","Passer montanus",NA,"Passerine seedeaters",NA,"Passerine seedeaters",77.27482679,87.852194,91.08545035,"+","+","+","++",NA,NA,NA,NA,NA
16360,"Bogfinke","Fringilla coelebs","Passeriformes","Fringillidae","Fringilla",NA,"Fringilla coelebs","Common Chaffinch","CommonChaffinch","Forest",2,2,"Omnivore","Invertivore","Generalist","Fringilla coelebs","Foliage gleaners","Foliage gleaners",NA,"Foliage gleaners",91.91685912,96.72055427,97.09006928,"+","+","+","++",NA,NA,NA,NA,NA
16380,"KvÊkerfinke","Fringilla montifringilla","Passeriformes","Fringillidae","Fringilla",NA,"Fringilla montifringilla","Brambling","Brambling","Forest",1,3,"Herbivore","Omnivore","Generalist","Fringilla montifringilla","Foliage gleaners","Foliage gleaners",NA,"Foliage gleaners",0.877598152,0.184757506,0,"-","-","-","--",NA,NA,NA,NA,NA
16400,"Gulirisk","Serinus serinus","Passeriformes","Fringillidae","Serinus",NA,"Serinus serinus","European Serin","EuropeanSerin","Forest",2,2,"Herbivore","Granivore","Generalist","Serinus serinus","Passerine seedeaters","Passerine seedeaters",NA,"Passerine seedeaters",0.508083141,0.923787529,0.739030023,"+","+","-","+-",NA,NA,NA,NA,NA
16490,"Gr¯nirisk","Chloris chloris","Passeriformes","Fringillidae","Chloris",NA,"Chloris chloris","European Greenfinch","EuropeanGreenfinch","Woodland",2,1,"Herbivore","Granivore","Generalist","Carduelis chloris","Passerine seedeaters","Passerine seedeaters",NA,"Passerine seedeaters",75.47344111,90.57736721,93.44110855,"+","+","+","++",NA,NA,NA,NA,NA
16530,"Stillits","Carduelis carduelis","Passeriformes","Fringillidae","Carduelis",NA,"Carduelis carduelis","European Goldfinch","EuropeanGoldfinch","Woodland",2,1,"Herbivore","Granivore","Insessorial","Carduelis carduelis","Passerine seedeaters","Passerine seedeaters",NA,"Passerine seedeaters",43.69515012,59.86143187,72.9330254,"+","+","+","++",NA,NA,NA,NA,NA
16540,"Gr¯nsisken","Spinus spinus","Passeriformes","Fringillidae","Spinus",NA,"Spinus spinus","Eurasian Siskin","EurasianSiskin","Forest",1,1,"Herbivore","Granivore","Insessorial","Carduelis spinus","Passerine seedeaters","Passerine seedeaters",NA,"Passerine seedeaters",5.958429561,15.2886836,9.053117783,"+","+","-","+-",NA,NA,NA,NA,NA
16600,"Tornirisk","Linaria cannabina","Passeriformes","Fringillidae","Linaria",NA,"Linaria cannabina","Common Linnet","CommonLinnet","Shrubland",2,1,"Herbivore","Granivore","Terrestrial","Carduelis cannabina","Passerine seedeaters","Passerine seedeaters",NA,"Passerine seedeaters",85.26558891,92.10161663,81.70900693,"-","+","-","+-",NA,NA,NA,NA,NA
16660,"Lille KorsnÊb","Loxia curvirostra","Passeriformes","Fringillidae","Loxia",NA,"Loxia curvirostra","Red Crossbill","RedCrossbill","Forest",1,2,"Herbivore","Granivore","Insessorial","Loxia curvirostra",NA,"Passerine seedeaters",NA,"Passerine seedeaters",7.066974596,20.27713626,15.38106236,"+","+","-","+-",NA,NA,NA,NA,NA
16680,"Stor KorsnÊb","Loxia pytyopsittacus","Passeriformes","Fringillidae","Loxia",NA,"Loxia pytyopsittacus","Parrot Crossbill","ParrotCrossbill","Forest",1,2,"Herbivore","Granivore","Insessorial","Loxia pytyopsittacus",NA,NA,"Passerine seedeaters","Passerine seedeaters",0,0.046189376,0.138568129,"+","+","+","++",NA,NA,NA,NA,NA
16790,"Karmindompap","Carpodacus erythrinus","Passeriformes","Fringillidae","Carpodacus",NA,"Carpodacus erythrinus","Common Rosefinch","CommonRosefinch","Shrubland",2,3,"Herbivore","Granivore","Insessorial",NA,NA,"Passerine seedeaters",NA,"Passerine seedeaters",0.277136259,5.635103926,1.709006928,"+","+","-","+-",NA,NA,NA,NA,NA
17100,"Dompap","Pyrrhula pyrrhula","Passeriformes","Fringillidae","Pyrrhula",NA,"Pyrrhula pyrrhula","Eurasian Bullfinch","EurasianBullfinch","Forest",2,1,"Herbivore","Omnivore","Insessorial","Pyrrhula pyrrhula",NA,"Passerine seedeaters",NA,"Passerine seedeaters",31.9630485,48.17551963,63.41801386,"+","+","+","++",NA,NA,NA,NA,NA
17170,"Kernebider","Coccothraustes coccothraustes","Passeriformes","Fringillidae","Coccothraustes",NA,"Coccothraustes coccothraustes","Hawfinch","Hawfinch","Forest",1,2,"Herbivore","Omnivore","Insessorial","Coccothraustes coccothraustes","Passerine seedeaters","Passerine seedeaters",NA,"Passerine seedeaters",15.75057737,27.80600462,33.67205543,"+","+","+","++",NA,NA,NA,NA,NA
18570,"Gulspurv","Emberiza citrinella","Passeriformes","Emberizidae","Emberiza",NA,"Emberiza citrinella","Yellowhammer","Yellowhammer","Shrubland",3,2,"Herbivore","Granivore","Terrestrial","Emberiza citrinella",NA,"Buntings",NA,"Buntings",93.44110855,95.15011547,96.073903,"+","+","+","++",NA,NA,NA,NA,NA
18770,"R¯rspurv","Emberiza schoeniclus","Passeriformes","Emberizidae","Emberiza",NA,"Emberiza schoeniclus","Common Reed Bunting","CommonReedBunting","Wetland",2,2,"Herbivore","Omnivore","Terrestrial",NA,NA,"Buntings",NA,"Buntings",73.90300231,75.33487298,76.8591224,"+","+","+","++",NA,NA,NA,NA,NA
18820,"BomlÊrke","Emberiza calandra","Passeriformes","Emberizidae","Emberiza",NA,"Emberiza calandra","Corn Bunting","CornBunting","Grassland",3,2,"Herbivore","Omnivore","Terrestrial","Miliaria calandra",NA,"Buntings",NA,"Buntings",80.36951501,56.25866051,63.87990762,"-","-","+","-+",NA,NA,NA,NA,NA
10172,"Gul Vipstjert, Gulhovedet (ssp. flavissima)","Motacilla flava","Passeriformes","Motacillidae","Motacilla","Motacilla flava flavissima","Motacilla flava flavissima","Western Yellow Wagtail (ssp. flavissima)","WesternYellowWagtail(ssp.flavissima)","Human Modified",3,2,"Omnivore","Omnivore","Terrestrial",NA,NA,"Open-land insectivores",NA,"Open-land insectivores",0,0.138568129,0,"=","+","-","+-",NA,NA,NA,NA,NA
10202,"Hvid Vipstjert, Sortrygget Vipstjert (ssp. yarrellii)","Motacilla alba","Passeriformes","Motacillidae","Motacilla","Motacilla alba yarrellii","Motacilla alba yarrellii","White Wagtail (ssp. yarrellii)","WhiteWagtail(ssp.yarrellii)","Grassland",3,3,"Carnivore","Invertivore","Terrestrial",NA,NA,"Open-land insectivores",NA,"Open-land insectivores",0,0.184757506,0,"=","+","-","+-",NA,NA,NA,NA,NA
16635,"GrÂsisken, Lille (ssp. cabaret)","Acanthis flammea","Passeriformes","Fringillidae","Acanthis","Acanthis flammea cabaret","Acanthis flammea cabaret","Redpoll (ssp. cabaret)","Redpoll(ssp.cabaret)","Forest",1,2,"Herbivore","Granivore","Generalist",NA,NA,"Passerine seedeaters",NA,"Passerine seedeaters",6.466512702,39.90762125,46.65127021,"+","+","+","++",NA,NA,NA,NA,NA
